{
  "symbol": "AAPL",
  "timeframe": "1D",
  "rule_name": "impulse",
  "score": 1.0,
  "pattern_type": "unknown",
  "degree": 1,
  "idx_start": 11,
  "idx_end": 63,
  "low": 288.7699890136719,
  "high": 432.2200012207031,
  "dates_polyline": [
    "2025-07-07 00:00:00",
    "2025-07-21 00:00:00",
    "2025-07-21 00:00:00",
    "2025-08-01 00:00:00",
    "2025-08-01 00:00:00",
    "2025-09-15 00:00:00",
    "2025-09-15 00:00:00",
    "2025-09-17 00:00:00",
    "2025-09-17 00:00:00",
    "2025-09-18 00:00:00"
  ],
  "values_polyline": [
    288.7699890136719,
    338.0,
    338.0,
    297.82000732421875,
    297.82000732421875,
    425.70001220703125,
    425.70001220703125,
    409.6700134277344,
    409.6700134277344,
    432.2200012207031
  ],
  "labels_polyline": [
    " ",
    "1",
    " ",
    "2 (0.816)",
    " ",
    "3 (2.598)",
    " ",
    "4",
    " ",
    "5"
  ],
  "waves": [
    {
      "key": "wave1",
      "label": "1",
      "idx_start": 11,
      "idx_end": 21,
      "date_start": "2025-07-07 00:00:00",
      "date_end": "2025-07-21 00:00:00",
      "low": 288.7699890136719,
      "high": 338.0,
      "low_idx": 11,
      "high_idx": 21,
      "length": 49.230010986328125,
      "duration": 10
    },
    {
      "key": "wave2",
      "label": "2",
      "idx_start": 21,
      "idx_end": 30,
      "date_start": "2025-07-21 00:00:00",
      "date_end": "2025-08-01 00:00:00",
      "low": 297.82000732421875,
      "high": 338.0,
      "low_idx": 30,
      "high_idx": 21,
      "length": 40.17999267578125,
      "duration": 9
    },
    {
      "key": "wave3",
      "label": "3",
      "idx_start": 30,
      "idx_end": 60,
      "date_start": "2025-08-01 00:00:00",
      "date_end": "2025-09-15 00:00:00",
      "low": 297.82000732421875,
      "high": 425.70001220703125,
      "low_idx": 30,
      "high_idx": 60,
      "length": 127.8800048828125,
      "duration": 30
    },
    {
      "key": "wave4",
      "label": "4",
      "idx_start": 60,
      "idx_end": 62,
      "date_start": "2025-09-15 00:00:00",
      "date_end": "2025-09-17 00:00:00",
      "low": 409.6700134277344,
      "high": 425.70001220703125,
      "low_idx": 62,
      "high_idx": 60,
      "length": 16.029998779296875,
      "duration": 2
    },
    {
      "key": "wave5",
      "label": "5",
      "idx_start": 62,
      "idx_end": 63,
      "date_start": "2025-09-17 00:00:00",
      "date_end": "2025-09-18 00:00:00",
      "low": 409.6700134277344,
      "high": 432.2200012207031,
      "low_idx": 62,
      "high_idx": 63,
      "length": 22.54998779296875,
      "duration": 1
    }
  ]
}