{
  "symbol": "MSFT",
  "timeframe": "1D",
  "rule_name": "impulse",
  "score": 1.0,
  "pattern_type": "unknown",
  "degree": 1,
  "idx_start": 4,
  "idx_end": 66,
  "low": 288.7699890136719,
  "high": 470.75,
  "dates_polyline": [
    "2025-07-07 00:00:00",
    "2025-07-21 00:00:00",
    "2025-07-21 00:00:00",
    "2025-08-01 00:00:00",
    "2025-08-01 00:00:00",
    "2025-09-22 00:00:00",
    "2025-09-22 00:00:00",
    "2025-09-25 00:00:00",
    "2025-09-25 00:00:00",
    "2025-10-02 00:00:00"
  ],
  "values_polyline": [
    288.7699890136719,
    338.0,
    338.0,
    297.82000732421875,
    297.82000732421875,
    444.9800109863281,
    444.9800109863281,
    419.0799865722656,
    419.0799865722656,
    470.75
  ],
  "labels_polyline": [
    " ",
    "1",
    " ",
    "2 (0.816)",
    " ",
    "3 (2.989)",
    " ",
    "4",
    " ",
    "5"
  ],
  "waves": [
    {
      "key": "wave1",
      "label": "1",
      "idx_start": 4,
      "idx_end": 14,
      "date_start": "2025-07-07 00:00:00",
      "date_end": "2025-07-21 00:00:00",
      "low": 288.7699890136719,
      "high": 338.0,
      "low_idx": 4,
      "high_idx": 14,
      "length": 49.230010986328125,
      "duration": 10
    },
    {
      "key": "wave2",
      "label": "2",
      "idx_start": 14,
      "idx_end": 23,
      "date_start": "2025-07-21 00:00:00",
      "date_end": "2025-08-01 00:00:00",
      "low": 297.82000732421875,
      "high": 338.0,
      "low_idx": 23,
      "high_idx": 14,
      "length": 40.17999267578125,
      "duration": 9
    },
    {
      "key": "wave3",
      "label": "3",
      "idx_start": 23,
      "idx_end": 58,
      "date_start": "2025-08-01 00:00:00",
      "date_end": "2025-09-22 00:00:00",
      "low": 297.82000732421875,
      "high": 444.9800109863281,
      "low_idx": 23,
      "high_idx": 58,
      "length": 147.16000366210938,
      "duration": 35
    },
    {
      "key": "wave4",
      "label": "4",
      "idx_start": 58,
      "idx_end": 61,
      "date_start": "2025-09-22 00:00:00",
      "date_end": "2025-09-25 00:00:00",
      "low": 419.0799865722656,
      "high": 444.9800109863281,
      "low_idx": 61,
      "high_idx": 58,
      "length": 25.9000244140625,
      "duration": 3
    },
    {
      "key": "wave5",
      "label": "5",
      "idx_start": 61,
      "idx_end": 66,
      "date_start": "2025-09-25 00:00:00",
      "date_end": "2025-10-02 00:00:00",
      "low": 419.0799865722656,
      "high": 470.75,
      "low_idx": 61,
      "high_idx": 66,
      "length": 51.670013427734375,
      "duration": 5
    }
  ]
}