{
  "symbol": "TSLA",
  "timeframe": "1D",
  "rule_name": "impulse",
  "score": 1.0,
  "pattern_type": "unknown",
  "degree": 1,
  "idx_start": 2,
  "idx_end": 14,
  "low": 325.6000061035156,
  "high": 432.2200012207031,
  "dates_polyline": [
    "2025-09-02 00:00:00",
    "2025-09-08 00:00:00",
    "2025-09-08 00:00:00",
    "2025-09-09 00:00:00",
    "2025-09-09 00:00:00",
    "2025-09-15 00:00:00",
    "2025-09-15 00:00:00",
    "2025-09-17 00:00:00",
    "2025-09-17 00:00:00",
    "2025-09-18 00:00:00"
  ],
  "values_polyline": [
    325.6000061035156,
    358.44000244140625,
    358.44000244140625,
    343.82000732421875,
    343.82000732421875,
    425.70001220703125,
    425.70001220703125,
    409.6700134277344,
    409.6700134277344,
    432.2200012207031
  ],
  "labels_polyline": [
    " ",
    "1",
    " ",
    "2 (0.445)",
    " ",
    "3 (2.493)",
    " ",
    "4",
    " ",
    "5"
  ],
  "waves": [
    {
      "key": "wave1",
      "label": "1",
      "idx_start": 2,
      "idx_end": 6,
      "date_start": "2025-09-02 00:00:00",
      "date_end": "2025-09-08 00:00:00",
      "low": 325.6000061035156,
      "high": 358.44000244140625,
      "low_idx": 2,
      "high_idx": 6,
      "length": 32.839996337890625,
      "duration": 4
    },
    {
      "key": "wave2",
      "label": "2",
      "idx_start": 6,
      "idx_end": 7,
      "date_start": "2025-09-08 00:00:00",
      "date_end": "2025-09-09 00:00:00",
      "low": 343.82000732421875,
      "high": 358.44000244140625,
      "low_idx": 7,
      "high_idx": 6,
      "length": 14.6199951171875,
      "duration": 1
    },
    {
      "key": "wave3",
      "label": "3",
      "idx_start": 7,
      "idx_end": 11,
      "date_start": "2025-09-09 00:00:00",
      "date_end": "2025-09-15 00:00:00",
      "low": 343.82000732421875,
      "high": 425.70001220703125,
      "low_idx": 7,
      "high_idx": 11,
      "length": 81.8800048828125,
      "duration": 4
    },
    {
      "key": "wave4",
      "label": "4",
      "idx_start": 11,
      "idx_end": 13,
      "date_start": "2025-09-15 00:00:00",
      "date_end": "2025-09-17 00:00:00",
      "low": 409.6700134277344,
      "high": 425.70001220703125,
      "low_idx": 13,
      "high_idx": 11,
      "length": 16.029998779296875,
      "duration": 2
    },
    {
      "key": "wave5",
      "label": "5",
      "idx_start": 13,
      "idx_end": 14,
      "date_start": "2025-09-17 00:00:00",
      "date_end": "2025-09-18 00:00:00",
      "low": 409.6700134277344,
      "high": 432.2200012207031,
      "low_idx": 13,
      "high_idx": 14,
      "length": 22.54998779296875,
      "duration": 1
    }
  ]
}