{
  "symbol": "AAPL",
  "timeframe": "1D",
  "rule_name": "impulse",
  "score": 1.0,
  "pattern_type": "unknown",
  "degree": 1,
  "idx_start": 11,
  "idx_end": 60,
  "low": 288.7699890136719,
  "high": 425.70001220703125,
  "dates_polyline": [
    "2025-07-07 00:00:00",
    "2025-07-21 00:00:00",
    "2025-07-21 00:00:00",
    "2025-08-01 00:00:00",
    "2025-08-01 00:00:00",
    "2025-09-08 00:00:00",
    "2025-09-08 00:00:00",
    "2025-09-09 00:00:00",
    "2025-09-09 00:00:00",
    "2025-09-15 00:00:00"
  ],
  "values_polyline": [
    288.7699890136719,
    338.0,
    338.0,
    297.82000732421875,
    297.82000732421875,
    358.44000244140625,
    358.44000244140625,
    343.82000732421875,
    343.82000732421875,
    425.70001220703125
  ],
  "labels_polyline": [
    " ",
    "1",
    " ",
    "2 (0.816)",
    " ",
    "3 (1.231)",
    " ",
    "4",
    " ",
    "5"
  ],
  "waves": [
    {
      "key": "wave1",
      "label": "1",
      "idx_start": 11,
      "idx_end": 21,
      "date_start": "2025-07-07 00:00:00",
      "date_end": "2025-07-21 00:00:00",
      "low": 288.7699890136719,
      "high": 338.0,
      "low_idx": 11,
      "high_idx": 21,
      "length": 49.230010986328125,
      "duration": 10
    },
    {
      "key": "wave2",
      "label": "2",
      "idx_start": 21,
      "idx_end": 30,
      "date_start": "2025-07-21 00:00:00",
      "date_end": "2025-08-01 00:00:00",
      "low": 297.82000732421875,
      "high": 338.0,
      "low_idx": 30,
      "high_idx": 21,
      "length": 40.17999267578125,
      "duration": 9
    },
    {
      "key": "wave3",
      "label": "3",
      "idx_start": 30,
      "idx_end": 55,
      "date_start": "2025-08-01 00:00:00",
      "date_end": "2025-09-08 00:00:00",
      "low": 297.82000732421875,
      "high": 358.44000244140625,
      "low_idx": 30,
      "high_idx": 55,
      "length": 60.6199951171875,
      "duration": 25
    },
    {
      "key": "wave4",
      "label": "4",
      "idx_start": 55,
      "idx_end": 56,
      "date_start": "2025-09-08 00:00:00",
      "date_end": "2025-09-09 00:00:00",
      "low": 343.82000732421875,
      "high": 358.44000244140625,
      "low_idx": 56,
      "high_idx": 55,
      "length": 14.6199951171875,
      "duration": 1
    },
    {
      "key": "wave5",
      "label": "5",
      "idx_start": 56,
      "idx_end": 60,
      "date_start": "2025-09-09 00:00:00",
      "date_end": "2025-09-15 00:00:00",
      "low": 343.82000732421875,
      "high": 425.70001220703125,
      "low_idx": 56,
      "high_idx": 60,
      "length": 81.8800048828125,
      "duration": 4
    }
  ]
}