{
  "symbol": "TSLA",
  "timeframe": "1D",
  "rule_name": "impulse",
  "score": 1.0,
  "pattern_type": "unknown",
  "degree": 1,
  "idx_start": 2,
  "idx_end": 45,
  "low": 297.82000732421875,
  "high": 470.75,
  "dates_polyline": [
    "2025-08-01 00:00:00",
    "2025-08-13 00:00:00",
    "2025-08-13 00:00:00",
    "2025-08-20 00:00:00",
    "2025-08-20 00:00:00",
    "2025-09-22 00:00:00",
    "2025-09-22 00:00:00",
    "2025-09-25 00:00:00",
    "2025-09-25 00:00:00",
    "2025-10-02 00:00:00"
  ],
  "values_polyline": [
    297.82000732421875,
    348.9800109863281,
    348.9800109863281,
    314.6000061035156,
    314.6000061035156,
    444.9800109863281,
    444.9800109863281,
    419.0799865722656,
    419.0799865722656,
    470.75
  ],
  "labels_polyline": [
    " ",
    "1",
    " ",
    "2 (0.672)",
    " ",
    "3 (2.548)",
    " ",
    "4",
    " ",
    "5"
  ],
  "waves": [
    {
      "key": "wave1",
      "label": "1",
      "idx_start": 2,
      "idx_end": 10,
      "date_start": "2025-08-01 00:00:00",
      "date_end": "2025-08-13 00:00:00",
      "low": 297.82000732421875,
      "high": 348.9800109863281,
      "low_idx": 2,
      "high_idx": 10,
      "length": 51.160003662109375,
      "duration": 8
    },
    {
      "key": "wave2",
      "label": "2",
      "idx_start": 10,
      "idx_end": 15,
      "date_start": "2025-08-13 00:00:00",
      "date_end": "2025-08-20 00:00:00",
      "low": 314.6000061035156,
      "high": 348.9800109863281,
      "low_idx": 15,
      "high_idx": 10,
      "length": 34.3800048828125,
      "duration": 5
    },
    {
      "key": "wave3",
      "label": "3",
      "idx_start": 15,
      "idx_end": 37,
      "date_start": "2025-08-20 00:00:00",
      "date_end": "2025-09-22 00:00:00",
      "low": 314.6000061035156,
      "high": 444.9800109863281,
      "low_idx": 15,
      "high_idx": 37,
      "length": 130.3800048828125,
      "duration": 22
    },
    {
      "key": "wave4",
      "label": "4",
      "idx_start": 37,
      "idx_end": 40,
      "date_start": "2025-09-22 00:00:00",
      "date_end": "2025-09-25 00:00:00",
      "low": 419.0799865722656,
      "high": 444.9800109863281,
      "low_idx": 40,
      "high_idx": 37,
      "length": 25.9000244140625,
      "duration": 3
    },
    {
      "key": "wave5",
      "label": "5",
      "idx_start": 40,
      "idx_end": 45,
      "date_start": "2025-09-25 00:00:00",
      "date_end": "2025-10-02 00:00:00",
      "low": 419.0799865722656,
      "high": 470.75,
      "low_idx": 40,
      "high_idx": 45,
      "length": 51.670013427734375,
      "duration": 5
    }
  ]
}