{
  "symbol": "AAPL",
  "timeframe": "1D",
  "rule_name": "leading_diagonal",
  "score": 1.0,
  "pattern_type": "unknown",
  "degree": 1,
  "idx_start": 9,
  "idx_end": 25,
  "low": 411.45001220703125,
  "high": 474.07000732421875,
  "dates_polyline": [
    "2025-10-10 00:00:00",
    "2025-10-20 00:00:00",
    "2025-10-20 00:00:00",
    "2025-10-23 00:00:00",
    "2025-10-23 00:00:00",
    "2025-10-28 00:00:00",
    "2025-10-28 00:00:00",
    "2025-10-30 00:00:00",
    "2025-10-30 00:00:00",
    "2025-11-03 00:00:00"
  ],
  "values_polyline": [
    411.45001220703125,
    449.79998779296875,
    449.79998779296875,
    413.8999938964844,
    413.8999938964844,
    467.0,
    467.0,
    439.6099853515625,
    439.6099853515625,
    474.07000732421875
  ],
  "labels_polyline": [
    " ",
    "1",
    " ",
    "2 (0.936)",
    " ",
    "3 (1.385)",
    " ",
    "4",
    " ",
    "5"
  ],
  "waves": [
    {
      "key": "wave1",
      "label": "1",
      "idx_start": 9,
      "idx_end": 15,
      "date_start": "2025-10-10 00:00:00",
      "date_end": "2025-10-20 00:00:00",
      "low": 411.45001220703125,
      "high": 449.79998779296875,
      "low_idx": 9,
      "high_idx": 15,
      "length": 38.3499755859375,
      "duration": 6
    },
    {
      "key": "wave2",
      "label": "2",
      "idx_start": 15,
      "idx_end": 18,
      "date_start": "2025-10-20 00:00:00",
      "date_end": "2025-10-23 00:00:00",
      "low": 413.8999938964844,
      "high": 449.79998779296875,
      "low_idx": 18,
      "high_idx": 15,
      "length": 35.899993896484375,
      "duration": 3
    },
    {
      "key": "wave3",
      "label": "3",
      "idx_start": 18,
      "idx_end": 21,
      "date_start": "2025-10-23 00:00:00",
      "date_end": "2025-10-28 00:00:00",
      "low": 413.8999938964844,
      "high": 467.0,
      "low_idx": 18,
      "high_idx": 21,
      "length": 53.100006103515625,
      "duration": 3
    },
    {
      "key": "wave4",
      "label": "4",
      "idx_start": 21,
      "idx_end": 23,
      "date_start": "2025-10-28 00:00:00",
      "date_end": "2025-10-30 00:00:00",
      "low": 439.6099853515625,
      "high": 467.0,
      "low_idx": 23,
      "high_idx": 21,
      "length": 27.3900146484375,
      "duration": 2
    },
    {
      "key": "wave5",
      "label": "5",
      "idx_start": 23,
      "idx_end": 25,
      "date_start": "2025-10-30 00:00:00",
      "date_end": "2025-11-03 00:00:00",
      "low": 439.6099853515625,
      "high": 474.07000732421875,
      "low_idx": 23,
      "high_idx": 25,
      "length": 34.46002197265625,
      "duration": 2
    }
  ]
}