{
  "symbol": "MSFT",
  "timeframe": "1D",
  "rule_name": "leading_diagonal",
  "score": 1.0,
  "pattern_type": "unknown",
  "degree": 1,
  "idx_start": 4,
  "idx_end": 41,
  "low": 288.7699890136719,
  "high": 355.3900146484375,
  "dates_polyline": [
    "2025-07-07 00:00:00",
    "2025-07-21 00:00:00",
    "2025-07-21 00:00:00",
    "2025-08-01 00:00:00",
    "2025-08-01 00:00:00",
    "2025-08-13 00:00:00",
    "2025-08-13 00:00:00",
    "2025-08-20 00:00:00",
    "2025-08-20 00:00:00",
    "2025-08-27 00:00:00"
  ],
  "values_polyline": [
    288.7699890136719,
    338.0,
    338.0,
    297.82000732421875,
    297.82000732421875,
    348.9800109863281,
    348.9800109863281,
    314.6000061035156,
    314.6000061035156,
    355.3900146484375
  ],
  "labels_polyline": [
    " ",
    "1",
    " ",
    "2 (0.816)",
    " ",
    "3 (1.039)",
    " ",
    "4",
    " ",
    "5"
  ],
  "waves": [
    {
      "key": "wave1",
      "label": "1",
      "idx_start": 4,
      "idx_end": 14,
      "date_start": "2025-07-07 00:00:00",
      "date_end": "2025-07-21 00:00:00",
      "low": 288.7699890136719,
      "high": 338.0,
      "low_idx": 4,
      "high_idx": 14,
      "length": 49.230010986328125,
      "duration": 10
    },
    {
      "key": "wave2",
      "label": "2",
      "idx_start": 14,
      "idx_end": 23,
      "date_start": "2025-07-21 00:00:00",
      "date_end": "2025-08-01 00:00:00",
      "low": 297.82000732421875,
      "high": 338.0,
      "low_idx": 23,
      "high_idx": 14,
      "length": 40.17999267578125,
      "duration": 9
    },
    {
      "key": "wave3",
      "label": "3",
      "idx_start": 23,
      "idx_end": 31,
      "date_start": "2025-08-01 00:00:00",
      "date_end": "2025-08-13 00:00:00",
      "low": 297.82000732421875,
      "high": 348.9800109863281,
      "low_idx": 23,
      "high_idx": 31,
      "length": 51.160003662109375,
      "duration": 8
    },
    {
      "key": "wave4",
      "label": "4",
      "idx_start": 31,
      "idx_end": 36,
      "date_start": "2025-08-13 00:00:00",
      "date_end": "2025-08-20 00:00:00",
      "low": 314.6000061035156,
      "high": 348.9800109863281,
      "low_idx": 36,
      "high_idx": 31,
      "length": 34.3800048828125,
      "duration": 5
    },
    {
      "key": "wave5",
      "label": "5",
      "idx_start": 36,
      "idx_end": 41,
      "date_start": "2025-08-20 00:00:00",
      "date_end": "2025-08-27 00:00:00",
      "low": 314.6000061035156,
      "high": 355.3900146484375,
      "low_idx": 36,
      "high_idx": 41,
      "length": 40.790008544921875,
      "duration": 5
    }
  ]
}