{
  "symbol": "AAPL",
  "timeframe": "1D",
  "rule_name": "impulse",
  "score": 1.0,
  "pattern_type": "unknown",
  "degree": 1,
  "idx_start": 11,
  "idx_end": 21,
  "low": 288.7699890136719,
  "high": 338.0,
  "dates_polyline": [
    "2025-07-07 00:00:00",
    "2025-07-08 00:00:00",
    "2025-07-08 00:00:00",
    "2025-07-09 00:00:00",
    "2025-07-09 00:00:00",
    "2025-07-14 00:00:00",
    "2025-07-14 00:00:00",
    "2025-07-15 00:00:00",
    "2025-07-15 00:00:00",
    "2025-07-21 00:00:00"
  ],
  "values_polyline": [
    288.7699890136719,
    304.04998779296875,
    304.04998779296875,
    293.54998779296875,
    293.54998779296875,
    322.6000061035156,
    322.6000061035156,
    310.5,
    310.5,
    338.0
  ],
  "labels_polyline": [
    " ",
    "1",
    " ",
    "2 (0.687)",
    " ",
    "3 (1.901)",
    " ",
    "4",
    " ",
    "5"
  ],
  "waves": [
    {
      "key": "wave1",
      "label": "1",
      "idx_start": 11,
      "idx_end": 12,
      "date_start": "2025-07-07 00:00:00",
      "date_end": "2025-07-08 00:00:00",
      "low": 288.7699890136719,
      "high": 304.04998779296875,
      "low_idx": 11,
      "high_idx": 12,
      "length": 15.279998779296875,
      "duration": 1
    },
    {
      "key": "wave2",
      "label": "2",
      "idx_start": 12,
      "idx_end": 13,
      "date_start": "2025-07-08 00:00:00",
      "date_end": "2025-07-09 00:00:00",
      "low": 293.54998779296875,
      "high": 304.04998779296875,
      "low_idx": 13,
      "high_idx": 12,
      "length": 10.5,
      "duration": 1
    },
    {
      "key": "wave3",
      "label": "3",
      "idx_start": 13,
      "idx_end": 16,
      "date_start": "2025-07-09 00:00:00",
      "date_end": "2025-07-14 00:00:00",
      "low": 293.54998779296875,
      "high": 322.6000061035156,
      "low_idx": 13,
      "high_idx": 16,
      "length": 29.050018310546875,
      "duration": 3
    },
    {
      "key": "wave4",
      "label": "4",
      "idx_start": 16,
      "idx_end": 17,
      "date_start": "2025-07-14 00:00:00",
      "date_end": "2025-07-15 00:00:00",
      "low": 310.5,
      "high": 322.6000061035156,
      "low_idx": 17,
      "high_idx": 16,
      "length": 12.100006103515625,
      "duration": 1
    },
    {
      "key": "wave5",
      "label": "5",
      "idx_start": 17,
      "idx_end": 21,
      "date_start": "2025-07-15 00:00:00",
      "date_end": "2025-07-21 00:00:00",
      "low": 310.5,
      "high": 338.0,
      "low_idx": 17,
      "high_idx": 21,
      "length": 27.5,
      "duration": 4
    }
  ]
}