{
  "symbol": "TSLA",
  "timeframe": "1D",
  "rule_name": "impulse",
  "score": 1.0,
  "pattern_type": "unknown",
  "degree": 1,
  "idx_start": 9,
  "idx_end": 74,
  "low": 297.82000732421875,
  "high": 474.07000732421875,
  "dates_polyline": [
    "2025-08-01 00:00:00",
    "2025-08-13 00:00:00",
    "2025-08-13 00:00:00",
    "2025-08-20 00:00:00",
    "2025-08-20 00:00:00",
    "2025-10-02 00:00:00",
    "2025-10-02 00:00:00",
    "2025-10-10 00:00:00",
    "2025-10-10 00:00:00",
    "2025-11-03 00:00:00"
  ],
  "values_polyline": [
    297.82000732421875,
    348.9800109863281,
    348.9800109863281,
    314.6000061035156,
    314.6000061035156,
    470.75,
    470.75,
    411.45001220703125,
    411.45001220703125,
    474.07000732421875
  ],
  "labels_polyline": [
    " ",
    "1",
    " ",
    "2 (0.672)",
    " ",
    "3 (3.052)",
    " ",
    "4",
    " ",
    "5"
  ],
  "waves": [
    {
      "key": "wave1",
      "label": "1",
      "idx_start": 9,
      "idx_end": 17,
      "date_start": "2025-08-01 00:00:00",
      "date_end": "2025-08-13 00:00:00",
      "low": 297.82000732421875,
      "high": 348.9800109863281,
      "low_idx": 9,
      "high_idx": 17,
      "length": 51.160003662109375,
      "duration": 8
    },
    {
      "key": "wave2",
      "label": "2",
      "idx_start": 17,
      "idx_end": 22,
      "date_start": "2025-08-13 00:00:00",
      "date_end": "2025-08-20 00:00:00",
      "low": 314.6000061035156,
      "high": 348.9800109863281,
      "low_idx": 22,
      "high_idx": 17,
      "length": 34.3800048828125,
      "duration": 5
    },
    {
      "key": "wave3",
      "label": "3",
      "idx_start": 22,
      "idx_end": 52,
      "date_start": "2025-08-20 00:00:00",
      "date_end": "2025-10-02 00:00:00",
      "low": 314.6000061035156,
      "high": 470.75,
      "low_idx": 22,
      "high_idx": 52,
      "length": 156.14999389648438,
      "duration": 30
    },
    {
      "key": "wave4",
      "label": "4",
      "idx_start": 52,
      "idx_end": 58,
      "date_start": "2025-10-02 00:00:00",
      "date_end": "2025-10-10 00:00:00",
      "low": 411.45001220703125,
      "high": 470.75,
      "low_idx": 58,
      "high_idx": 52,
      "length": 59.29998779296875,
      "duration": 6
    },
    {
      "key": "wave5",
      "label": "5",
      "idx_start": 58,
      "idx_end": 74,
      "date_start": "2025-10-10 00:00:00",
      "date_end": "2025-11-03 00:00:00",
      "low": 411.45001220703125,
      "high": 474.07000732421875,
      "low_idx": 58,
      "high_idx": 74,
      "length": 62.6199951171875,
      "duration": 16
    }
  ]
}