{
  "symbol": "AAPL",
  "timeframe": "1D",
  "rule_name": "impulse",
  "score": 1.0,
  "pattern_type": "unknown",
  "degree": 1,
  "idx_start": 2,
  "idx_end": 35,
  "low": 297.82000732421875,
  "high": 432.2200012207031,
  "dates_polyline": [
    "2025-08-01 00:00:00",
    "2025-08-13 00:00:00",
    "2025-08-13 00:00:00",
    "2025-08-20 00:00:00",
    "2025-08-20 00:00:00",
    "2025-09-15 00:00:00",
    "2025-09-15 00:00:00",
    "2025-09-17 00:00:00",
    "2025-09-17 00:00:00",
    "2025-09-18 00:00:00"
  ],
  "values_polyline": [
    297.82000732421875,
    348.9800109863281,
    348.9800109863281,
    314.6000061035156,
    314.6000061035156,
    425.70001220703125,
    425.70001220703125,
    409.6700134277344,
    409.6700134277344,
    432.2200012207031
  ],
  "labels_polyline": [
    " ",
    "1",
    " ",
    "2 (0.672)",
    " ",
    "3 (2.172)",
    " ",
    "4",
    " ",
    "5"
  ],
  "waves": [
    {
      "key": "wave1",
      "label": "1",
      "idx_start": 2,
      "idx_end": 10,
      "date_start": "2025-08-01 00:00:00",
      "date_end": "2025-08-13 00:00:00",
      "low": 297.82000732421875,
      "high": 348.9800109863281,
      "low_idx": 2,
      "high_idx": 10,
      "length": 51.160003662109375,
      "duration": 8
    },
    {
      "key": "wave2",
      "label": "2",
      "idx_start": 10,
      "idx_end": 15,
      "date_start": "2025-08-13 00:00:00",
      "date_end": "2025-08-20 00:00:00",
      "low": 314.6000061035156,
      "high": 348.9800109863281,
      "low_idx": 15,
      "high_idx": 10,
      "length": 34.3800048828125,
      "duration": 5
    },
    {
      "key": "wave3",
      "label": "3",
      "idx_start": 15,
      "idx_end": 32,
      "date_start": "2025-08-20 00:00:00",
      "date_end": "2025-09-15 00:00:00",
      "low": 314.6000061035156,
      "high": 425.70001220703125,
      "low_idx": 15,
      "high_idx": 32,
      "length": 111.10000610351562,
      "duration": 17
    },
    {
      "key": "wave4",
      "label": "4",
      "idx_start": 32,
      "idx_end": 34,
      "date_start": "2025-09-15 00:00:00",
      "date_end": "2025-09-17 00:00:00",
      "low": 409.6700134277344,
      "high": 425.70001220703125,
      "low_idx": 34,
      "high_idx": 32,
      "length": 16.029998779296875,
      "duration": 2
    },
    {
      "key": "wave5",
      "label": "5",
      "idx_start": 34,
      "idx_end": 35,
      "date_start": "2025-09-17 00:00:00",
      "date_end": "2025-09-18 00:00:00",
      "low": 409.6700134277344,
      "high": 432.2200012207031,
      "low_idx": 34,
      "high_idx": 35,
      "length": 22.54998779296875,
      "duration": 1
    }
  ]
}