{
  "symbol": "AAPL",
  "timeframe": "1D",
  "rule_name": "impulse",
  "score": 1.0,
  "pattern_type": "unknown",
  "degree": 1,
  "idx_start": 1,
  "idx_end": 13,
  "low": 270.7799987792969,
  "high": 351.6199951171875,
  "dates_polyline": [
    "2025-04-30 00:00:00",
    "2025-05-02 00:00:00",
    "2025-05-02 00:00:00",
    "2025-05-07 00:00:00",
    "2025-05-07 00:00:00",
    "2025-05-14 00:00:00",
    "2025-05-14 00:00:00",
    "2025-05-15 00:00:00",
    "2025-05-15 00:00:00",
    "2025-05-16 00:00:00"
  ],
  "values_polyline": [
    270.7799987792969,
    294.7799987792969,
    294.7799987792969,
    271.0,
    271.0,
    350.0,
    350.0,
    334.7200012207031,
    334.7200012207031,
    351.6199951171875
  ],
  "labels_polyline": [
    " ",
    "1",
    " ",
    "2 (0.991)",
    " ",
    "3 (3.292)",
    " ",
    "4",
    " ",
    "5"
  ],
  "waves": [
    {
      "key": "wave1",
      "label": "1",
      "idx_start": 1,
      "idx_end": 3,
      "date_start": "2025-04-30 00:00:00",
      "date_end": "2025-05-02 00:00:00",
      "low": 270.7799987792969,
      "high": 294.7799987792969,
      "low_idx": 1,
      "high_idx": 3,
      "length": 24.0,
      "duration": 2
    },
    {
      "key": "wave2",
      "label": "2",
      "idx_start": 3,
      "idx_end": 6,
      "date_start": "2025-05-02 00:00:00",
      "date_end": "2025-05-07 00:00:00",
      "low": 271.0,
      "high": 294.7799987792969,
      "low_idx": 6,
      "high_idx": 3,
      "length": 23.779998779296875,
      "duration": 3
    },
    {
      "key": "wave3",
      "label": "3",
      "idx_start": 6,
      "idx_end": 11,
      "date_start": "2025-05-07 00:00:00",
      "date_end": "2025-05-14 00:00:00",
      "low": 271.0,
      "high": 350.0,
      "low_idx": 6,
      "high_idx": 11,
      "length": 79.0,
      "duration": 5
    },
    {
      "key": "wave4",
      "label": "4",
      "idx_start": 11,
      "idx_end": 12,
      "date_start": "2025-05-14 00:00:00",
      "date_end": "2025-05-15 00:00:00",
      "low": 334.7200012207031,
      "high": 350.0,
      "low_idx": 12,
      "high_idx": 11,
      "length": 15.279998779296875,
      "duration": 1
    },
    {
      "key": "wave5",
      "label": "5",
      "idx_start": 12,
      "idx_end": 13,
      "date_start": "2025-05-15 00:00:00",
      "date_end": "2025-05-16 00:00:00",
      "low": 334.7200012207031,
      "high": 351.6199951171875,
      "low_idx": 12,
      "high_idx": 13,
      "length": 16.899993896484375,
      "duration": 1
    }
  ]
}